{
  "HUSH-mnist-basic": {
    "2": {
      "max_acc": 0.9710000157356262,
      "min_acc": 0.9549999833106995,
      "avg_acc": 0.963,
      "max_loss": 0.158,
      "min_loss": 0.097,
      "avg_loss": 0.127,
      "training_latency": 59.105319083000005,
      "retraining_latency": 29.552647104,
      "prediction_latency": 0.019105906250000262,
      "root_percent": 0.25,
      "dataset_name": "mnist"
    },
    "3": {
      "max_acc": 0.9700000286102295,
      "min_acc": 0.9610000252723694,
      "avg_acc": 0.965,
      "max_loss": 0.134,
      "min_loss": 0.095,
      "avg_loss": 0.117,
      "training_latency": 65.286946667,
      "retraining_latency": 21.762305514,
      "prediction_latency": 0.03181680312500035,
      "root_percent": 0.25,
      "dataset_name": "mnist"
    },
    "4": {
      "max_acc": 0.968999981880188,
      "min_acc": 0.9559999704360962,
      "avg_acc": 0.963,
      "max_loss": 0.151,
      "min_loss": 0.108,
      "avg_loss": 0.125,
      "training_latency": 73.7479365,
      "retraining_latency": 18.436975687499995,
      "prediction_latency": 0.04566247812499959,
      "root_percent": 0.25,
      "dataset_name": "mnist"
    },
    "5": {
      "max_acc": 0.9639999866485596,
      "min_acc": 0.9539999961853027,
      "avg_acc": 0.959,
      "max_loss": 0.156,
      "min_loss": 0.122,
      "avg_loss": 0.137,
      "training_latency": 82.09391320799999,
      "retraining_latency": 16.4187749332,
      "prediction_latency": 0.06274482812499968,
      "root_percent": 0.25,
      "dataset_name": "mnist"
    },
    "6": {
      "max_acc": 0.9639999866485596,
      "min_acc": 0.9539999961853027,
      "avg_acc": 0.96,
      "max_loss": 0.165,
      "min_loss": 0.126,
      "avg_loss": 0.139,
      "training_latency": 87.976357459,
      "retraining_latency": 14.662718444333334,
      "prediction_latency": 0.08040706252499986,
      "root_percent": 0.25,
      "dataset_name": "mnist"
    },
    "7": {
      "max_acc": 0.9599999785423279,
      "min_acc": 0.9390000104904175,
      "avg_acc": 0.954,
      "max_loss": 0.209,
      "min_loss": 0.139,
      "avg_loss": 0.156,
      "training_latency": 100.230037917,
      "retraining_latency": 14.318570101142859,
      "prediction_latency": 0.10643860415000042,
      "root_percent": 0.25,
      "dataset_name": "mnist"
    },
    "8": {
      "max_acc": 0.9570000171661377,
      "min_acc": 0.9440000057220459,
      "avg_acc": 0.954,
      "max_loss": 0.19,
      "min_loss": 0.151,
      "avg_loss": 0.159,
      "training_latency": 109.195858,
      "retraining_latency": 13.649475078,
      "prediction_latency": 0.13290409477500054,
      "root_percent": 0.25,
      "dataset_name": "mnist"
    },
    "9": {
      "max_acc": 0.9549999833106995,
      "min_acc": 0.9440000057220459,
      "avg_acc": 0.952,
      "max_loss": 0.198,
      "min_loss": 0.155,
      "avg_loss": 0.166,
      "training_latency": 118.388072583,
      "retraining_latency": 13.15422359722222,
      "prediction_latency": 0.15704894060000144,
      "root_percent": 0.25,
      "dataset_name": "mnist"
    },
    "10": {
      "max_acc": 0.9509999752044678,
      "min_acc": 0.9369999766349792,
      "avg_acc": 0.948,
      "max_loss": 0.217,
      "min_loss": 0.165,
      "avg_loss": 0.177,
      "training_latency": 129.474313333,
      "retraining_latency": 12.947425304000001,
      "prediction_latency": 0.19685464377500067,
      "root_percent": 0.25,
      "dataset_name": "mnist"
    },
    "11": {
      "max_acc": 0.9490000009536743,
      "min_acc": 0.9319999814033508,
      "avg_acc": 0.945,
      "max_loss": 0.239,
      "min_loss": 0.174,
      "avg_loss": 0.186,
      "training_latency": 148.236450625,
      "retraining_latency": 13.47603411736364,
      "prediction_latency": 0.24031003017500224,
      "root_percent": 0.25,
      "dataset_name": "mnist"
    },
    "12": {
      "max_acc": 0.9470000267028809,
      "min_acc": 0.9309999942779541,
      "avg_acc": 0.943,
      "max_loss": 0.236,
      "min_loss": 0.185,
      "avg_loss": 0.196,
      "training_latency": 158.91280849999998,
      "retraining_latency": 13.242727687416668,
      "prediction_latency": 0.278487906174999,
      "root_percent": 0.25,
      "dataset_name": "mnist"
    },
    "13": {
      "max_acc": 0.9430000185966492,
      "min_acc": 0.9309999942779541,
      "avg_acc": 0.94,
      "max_loss": 0.239,
      "min_loss": 0.193,
      "avg_loss": 0.201,
      "training_latency": 182.288940458,
      "retraining_latency": 14.02221882046154,
      "prediction_latency": 0.33222819167500145,
      "root_percent": 0.25,
      "dataset_name": "mnist"
    },
    "14": {
      "max_acc": 0.9440000057220459,
      "min_acc": 0.9279999732971191,
      "avg_acc": 0.94,
      "max_loss": 0.253,
      "min_loss": 0.203,
      "avg_loss": 0.211,
      "training_latency": 195.99721612500002,
      "retraining_latency": 13.999795017928575,
      "prediction_latency": 0.37973984994999904,
      "root_percent": 0.25,
      "dataset_name": "mnist"
    },
    "15": {
      "max_acc": 0.9399999976158142,
      "min_acc": 0.9240000247955322,
      "avg_acc": 0.938,
      "max_loss": 0.27,
      "min_loss": 0.209,
      "avg_loss": 0.219,
      "training_latency": 213.909747625,
      "retraining_latency": 14.260644116599998,
      "prediction_latency": 0.43540669899999995,
      "root_percent": 0.25,
      "dataset_name": "mnist"
    },
    "16": {
      "max_acc": 0.9380000233650208,
      "min_acc": 0.925000011920929,
      "avg_acc": 0.934,
      "max_loss": 0.27,
      "min_loss": 0.22,
      "avg_loss": 0.229,
      "training_latency": 223.627964958,
      "retraining_latency": 13.976741510187498,
      "prediction_latency": 0.47332310517500314,
      "root_percent": 0.25,
      "dataset_name": "mnist"
    }
  }
}