{
  "HUSH_DP-mnist-basic-12": {
    "12": {
      "max_acc": 0.7490000128746033,
      "min_acc": 0.6690000295639038,
      "avg_acc": 0.7,
      "max_loss": 1.136,
      "min_loss": 0.999,
      "avg_loss": 1.079,
      "training_latency": 151.94905179199998,
      "retraining_latency": 12.662414433916666,
      "prediction_latency": 0.2707969312250015,
      "root_percent": 0.25,
      "dataset_name": "mnist"
    }
  }
}