{
  "HUSH_DP-mnist-basic-14": {
    "14": {
      "max_acc": 0.6919999718666077,
      "min_acc": 0.5730000138282776,
      "avg_acc": 0.647,
      "max_loss": 1.462,
      "min_loss": 1.171,
      "avg_loss": 1.275,
      "training_latency": 192.431984834,
      "retraining_latency": 13.745135381071426,
      "prediction_latency": 0.38209864684999956,
      "root_percent": 0.25,
      "dataset_name": "mnist"
    }
  }
}